"","Gene","padj"
"1701","IGKC",0.000100668047647494
"1858","NEB",0.0001018660329797
"627","ITCH",0.000102031144360786
"1839","IGHV3-53",0.000102106734270679
"1495","RHEX",0.000103030609781738
"1034","DHX30",0.000103499347877539
"832","KRT5",0.000103668985512664
"1360","JAML",0.000107262057156759
"865","MARCKSL1",0.000107301264314259
"1377","IGLV3-10",0.000107301264314259
"357","SLC12A6",0.000107708080056107
"1479","GPATCH8",0.000107708080056107
"1004","EBF3",0.000107985814871904
"317","DDX49",0.000108632915468643
"497","IGHV1-46",0.000108632915468643
"903","PTPN2",0.000108632915468643
"1219","PLA2G2A",0.000108632915468643
"133","CYP4F12",0.00010913818863914
"1615","SPATA2L",0.00011060247905459
"1401","CKM",0.00011197035002822
"413","MED10",0.000114486300905292
"1294","HELZ",0.000114486300905292
"1561","PAX5",0.000114486300905292
"1743","ZNF205",0.000114486300905292
"302","PAPSS1",0.000115775698646268
"498","ZNF66",0.000116849003838644
"750","IGLV1-47",0.000117359945367016
"560","SLC14A1",0.000118410270067806
"648","TAS2R43",0.000118410270067806
"1013","F8",0.000118410270067806
"1783","ZNF579",0.000118410270067806
"1418","ZNF92",0.000118663829617579
"807","RNF170",0.000118822636225044
"381","SBK1",0.000119483227532871
"774","P2RY14",0.000119483227532871
"96","IGSF10",0.000121031898686093
"1412","TGM1",0.000121031898686093
"296","IGLV4-69",0.000121892560955421
"408","MPP7",0.000122136002624025
"593","GTF2H4",0.000122368586214281
"630","IGKV3-11",0.000122368586214281
"1056","ZDHHC6",0.000122368586214281
"1835","RPL10P9",0.000122863926747518
"1365","NUGGC",0.000123075453972166
"230","FAM171A2",0.000123994294239113
"1058","POFUT1",0.000123994294239113
"1413","IGHV3-66",0.000127023614673771
"722","GPC5",0.000128428770937783
"1826","IGHV3-7",0.000132826296000249
"1627","NBPF14",0.000135300557803264
"442","TBL3",0.000136218321782421
"908","NR3C1",0.000136218321782421
"1162","ERVFRD-3",0.000136218321782421
"1185","AK2",0.000136218321782421
"687","AC005154.2",0.000136554465957128
"1463","ZBTB8OS",0.000136554465957128
"221","HACD4",0.000137084805130696
"646","PKN1",0.000137084805130696
"789","PLCG1",0.000137084805130696
"1217","TCF3",0.000137084805130696
"1316","ERGIC2",0.000137084805130696
"1378","ZNF44",0.000137084805130696
"1703","CNTN6",0.000137084805130696
"138","POLD1",0.000140089523201921
"927","TRMO",0.000141157514701229
"57","CPT1C",0.000141834853756764
"257","IGKV2-30",0.000141834853756764
"551","TMEM121",0.000141834853756764
"1199","HAUS5",0.000141834853756764
"320","C11orf95",0.000145467657807244
"886","CCL19",0.000145745784367664
"272","IGHV4-34",0.000147777497358283
"637","ITSN2",0.00014952206620912
"847","IGHV3-64",0.00014952206620912
"1108","ZNF429",0.00014952206620912
"1538","IL18R1",0.000151121837567063
"169","THAP5",0.000151765000066868
"1821","SFT2D2",0.000151765000066868
"672","TMSB4XP8",0.000153227391205516
"1339","MCUB",0.000153227391205516
"97","TMTC1",0.000153565045294397
"200","NBN",0.000153565045294397
"617","PPIAP72",0.000153565045294397
"49","ISYNA1",0.000154080875018467
"269","EIF2S3",0.00015566821548761
"436","COL6A5",0.000156183796407271
"1239","NFKBIL1",0.000156183796407271
"14","CD19",0.000158873494336793
"240","PTMS",0.000166877404351702
"1311","ZNF808",0.000167374749710761
"1211","DPM3",0.000168243455259405
"658","IGHV3-74",0.000170033511244686
"1123","VPS13A",0.000170033511244686
"1320","EFNA5",0.000170033511244686
"763","PTGDR",0.000173155067992642
"1110","DES",0.000173155067992642
"1819","FCER1A",0.000173155067992642
"487","ZNF761",0.000177533796420484
"1507","ZNF680",0.000181717804399552
"83","TRGC2",0.000183135194868417
"412","ZNF658B",0.000183738031367832
"1169","EMILIN1",0.000185391846469811
"1494","GOLGA6L5P",0.000185412863002637
"354","HIGD1AP16",0.000186725275730307
"1756","RBM15B",0.000191635564350618
"1329","KLHL5",0.000192577670668157
"1608","CBWD2",0.000193335742715674
"15","ARRDC5",0.000194750227009072
"545","FYB1",0.000194771317468698
"1717","AHNAK2",0.000195360242363157
"217","ANKRD29",0.000195530234765533
"1761","KRAS",0.000195620016293494
"1512","FGF10",0.000195685694145668
"850","ZNF141",0.000195711626791104
"1114","IGHV3-72",0.000196711665741093
"1513","KIAA1143",0.000196711665741093
"1735","ATP8B1",0.000196711665741093
"132","KRT16",0.000200963600234933
"280","SELPLG",0.000200963600234933
"88","ZNF254",0.000204106160716187
"1738","MYOC",0.000204760326820778
"513","FAM234A",0.00020526337475708
"826","C2CD5",0.000205975069714648
"609","ZNF493",0.000207946942446819
"134","SMO",0.000209737972628635
"182","CNOT6L",0.000209737972628635
"625","DYM",0.000209737972628635
"1354","SMAD2",0.000209737972628635
"362","MAX",0.000212073001175309
"1224","CDC34",0.000212771136248845
"216","IFRD2",0.000213223123014917
"1203","IGKV1-12",0.000214267656200045
"1148","NELFA",0.000215578100694097
"1749","DPH2",0.000215578100694097
"168","HLA-DOB",0.000215634295858178
"505","CSNK1G2",0.000215634295858178
"546","TSHR",0.000216760195436498
"696","RGS13",0.000216760195436498
"1532","ZNF253",0.000218490419486459
"18","IGKV1D-16",0.000221620097087367
"1008","LSM12",0.000221620097087367
"365","STK10",0.00022470075336425
"955","TLK1",0.000225281930216757
"156","LMNB1",0.000225889240465651
"463","DPM1",0.000225889240465651
"1158","HYOU1",0.000225889240465651
"1715","CCDC69",0.000225889240465651
"1854","IGKV2D-29",0.000225889240465651
"607","FLT3",0.000228560250543151
"980","IGHV5-51",0.00023175870542375
"278","MPRIP",0.000233256922954251
"1327","HNRNPA1P22",0.000233766676337842
"574","BAIAP3",0.000233928137715237
"1380","TAS2R31",0.000234895519836996
"536","GRAMD1A",0.000239626238684789
"589","MFSD8",0.000242722318708827
"1164","RING1",0.000242749790683828
"229","ABCC9",0.000245791646161516
"409","DHX29",0.000245791646161516
"434","CCDC106",0.000245791646161516
"529","WNK1",0.000245791646161516
"778","PKP1",0.000245791646161516
"1457","SEC22B2P",0.000246127931733795
"264","UBXN7",0.000247590206369784
"176","CTU2",0.000252064682980428
"1610","IER2",0.000252240773147869
"496","GNPTAB",0.00025901231316645
"1168","DOCK11P1",0.000259360071640028
"121","DSP",0.000261823299357048
"678","MUC3A",0.000263946353581266
"1128","JAK2",0.000263946353581266
"1225","DHX16",0.000264763985942675
"1255","AL136982.4",0.000264763985942675
"1139","SPNS1",0.000267673482233197
"201","BTAF1",0.000268377730268617
"1489","EEF1A1P13",0.000269142640145525
"1639","U2AF2",0.000269142640145525
"175","ANKRD26",0.000274044505545364
"1150","LRRC46",0.000275705087094115
"40","CYP19A1",0.000276088005795461
"226","ZSCAN9",0.000276088005795461
"636","AC093663.2",0.000276088005795461
"994","KIFC1",0.000276088005795461
"1277","DACT3",0.000276088005795461
"1524","IGLC2",0.000276088005795461
"1537","LRRC70",0.000276088005795461
"1563","FAM126B",0.000276088005795461
"1719","AGAP6",0.000276088005795461
"621","ANKRD36C",0.00027761976444954
"608","SMG1P6",0.000280464866125081
"1707","GTPBP3",0.000281275306908789
"1754","SHOC2",0.000285001633982293
"1167","SF3A2",0.000285802021582507
"197","EVPL",0.00028587197407257
"402","PIAS1",0.000286916880470606
"10","TGM5",0.00028717494812943
"602","ABCB8",0.000287226940304987
"1189","KERA",0.000287226940304987
"1200","DCUN1D1",0.000287226940304987
"1264","ALDH16A1",0.000287226940304987
"739","BOLA3",0.000289603695437153
"949","GOLGA5P1",0.000289603695437153
"521","MED1",0.000293432184337205
"1752","ZNF714",0.000293432184337205
"660","PTBP1",0.000296192015069426
"1834","PHF14",0.000296697424217517
"583","ANAPC10",0.000296905416668398
"1284","CHIT1",0.000296905416668398
"514","TYROBP",0.000299742940426091
"284","OSGIN2",0.000299818954886078
"1467","IRF6",0.000301887796078627
"336","GAPT",0.000304386957405132
"595","UNC45A",0.000304386957405132
"813","MSL2",0.000304386957405132
"1801","CACUL1",0.000304386957405132
"1733","GNA13",0.000307103694589763
"534","MOCS2",0.000314426974737387
"1019","AIDA",0.000314426974737387
"1585","PTPN22",0.000314426974737387
"48","ZNF273",0.000315319657025235
"406","LAMB4",0.000315319657025235
"1828","LRRC2",0.000315319657025235
"1109","AC073508.2",0.000322573415296535
"812","CD81",0.000324785739082666
"20","UBR1",0.000325240516729424
"575","NBPF10",0.000325240516729424
"1827","TRIP11",0.000325240516729424
"896","NT5C3A",0.000325870944690507
"1161","DENND2D",0.000325900876452354
"953","NPIPA8",0.000327385533430711
"367","COX15",0.000333180449607741
"1493","GCSAM",0.000334068363119221
"450","ABCF1",0.000344660201661951
"1575","SLC6A10P",0.000344660201661951
"313","JCHAIN",0.000344787914539088
"392","CTXN1",0.000344787914539088
"1274","RGPD3",0.000344787914539088
"1759","KRT16P6",0.000344787914539088
"1371","MAP1S",0.000345146260573261
"943","DBT",0.000345862176981301
"532","CD1E",0.000345874442891678
"67","IGHG4",0.000352137555898183
"796","IRAG2",0.000352137555898183
"1435","TM9SF4",0.000352137555898183
"734","ZNF107",0.000352300120505071
"1187","RBMS1",0.000353860425416983
"378","XIAP",0.000354969858991617
"940","GPANK1",0.000354969858991617
"1268","CST6",0.000354969858991617
"1509","CCL14",0.000354969858991617
"918","ASS1P1",0.000356553806882133
"374","PHEX",0.000358668590288758
"288","DPY19L2P2",0.000360209134635448
"1271","NBPF1",0.000361668278923506
"1544","TRGC1",0.000361668278923506
"1578","ETAA1",0.000361668278923506
"1237","MIA2",0.000361773315958279
"279","TRIP12",0.000362210772511156
"897","KIAA2026",0.000364471379292621
"1076","SRSF2",0.000364471379292621
"1729","RAP1B",0.000364471379292621
"1547","EPN1",0.000365026833099641
"1464","RHOT2",0.000366580772248658
"1504","NBPF25P",0.000371527186715121
"1331","IGFBP2",0.000371870046826647
"446","POGK",0.000372512593722296
"768","SYNE1",0.000372798736868794
"703","TMSB4XP1",0.00037718878073597
"1142","ADA",0.00037866056997396
"1859","CBX1",0.000380834293086771
"1191","IGHV3-73",0.000380929154245452
"727","TELO2",0.000384841232877675
"1045","ZNF845",0.000392733424156353
"1215","NOSIP",0.000392733424156353
"753","USP21",0.000393258611857506
"1861","PPP1R3B",0.000393675404209894
"573","FLYWCH2",0.000397312555933018
"1889","PLSCR1",0.000401492908107905
"1628","RPL23AP42",0.000403236273423535
"228","IGF1R",0.000403356191200942
"312","GPR55",0.000403356191200942
"732","NACA",0.000405467667897775
"1611","AMY2B",0.000407616527564826
"650","TLR1",0.000408627261773878
"248","TNNI2",0.000410145545479561
"1159","TRAF4",0.000410145545479561
"738","FZR1",0.000412643255197492
"1370","USP34",0.000412643255197492
"733","KRT27",0.000414207297529938
"1286","POTEF",0.000414455034514048
"1657","POLK",0.000414455034514048
"237","FAM181B",0.000417746461373464
"92","NBPF15",0.0004197505434775
"421","NFYA",0.0004197505434775
"1285","LRRC37A2",0.0004197505434775
"1305","KLC4",0.000421353109306999
"690","NBPF20",0.000424065368873601
"1747","RGPD4",0.000424924546571246
"95","RRP9",0.0004277728300499
"335","ZNF440",0.000428770243554661
"833","IL17RD",0.000431646134058334
"506","NPIPB2",0.000431705350065591
"915","PMS1",0.000431705350065591
"1497","DOT1L",0.000431705350065591
"684","FAM53C",0.000432268480672723
"1258","MEGF10",0.000434712395684597
"508","NCOA3",0.000434808601537721
"1696","IGHV4-39",0.000440886814856289
"62","TPO",0.000442875076976034
"112","RASSF6",0.000442875076976034
"1260","IGKV1-33",0.000442875076976034
"543","RNF187",0.000449032747717826
"1071","CAP1P1",0.000449032747717826
"1618","OR2T29",0.000449032747717826
"1582","NAMPT",0.00045068183352966
"22","TRAV8-2",0.000450917803120676
"26","SLC11A2",0.000454209817098467
"749","MBD4",0.000457870920412513
"1348","CRLF3",0.000457870920412513
"277","BRPF3",0.000457992664274778
"709","AQP3",0.000457992664274778
"1257","RNA5SP141",0.000457992664274778
"1407","PRKRA",0.000457992664274778
"1706","CLEC7A",0.000457992664274778
"1846","PPIAL4C",0.000457992664274778
"1872","CBFA2T3",0.000457992664274778
"840","GOLGA6L4",0.000463724884357847
"669","TBC1D29P",0.000467977666786819
"598","FCRL3",0.000475174649152147
"1226","IGKV5-2",0.00047811174756205
"190","PLCL2",0.000480428416530352
"692","ADAM9",0.000480428416530352
"1064","PPWD1",0.000480428416530352
"1245","LIX1L",0.000480428416530352
"460","CAD",0.000487153234140209
"146","CPA3",0.000489150884786824
"219","CSTA",0.000489150884786824
"563","NUDT16L1",0.000500012067176454
"657","DDIT4",0.000500012067176454
"973","FOXJ3",0.000500012067176454
"1700","IDE",0.00050137946080487
"1074","PRMT6",0.000502348042481174
"1289","PPP2R1A",0.000502348042481174
"249","MITD1",0.000503221059386892
"736","STUB1",0.000506041547289922
"222","KLF6",0.000506550039240524
"1746","RPS7P3",0.000506550039240524
"1546","IGLV2-8",0.000514071611929915
"1572","SOWAHA",0.000515797329379229
"1091","MFSD10",0.000517196162200087
"16","AGAP4",0.00051766895172185
"960","IGFN1",0.000522253460342415
"1048","SEMA4B",0.000522253460342415
"1697","IL1R1",0.000522253460342415
"1775","ANKRD30B",0.000522253460342415
"27","TRAPPC12",0.000523922073763141
"30","NABP1",0.000533382313316655
"172","KLHL42",0.000533382313316655
"1138","TNNC2",0.000533382313316655
"1558","CNIH2",0.000533382313316655
"289","DKKL1",0.000537068321230429
"1647","USP15",0.000537068321230429
"851","KLRB1",0.000540509755107193
"759","JARID2",0.000542539753794132
"899","TMEM131",0.000542705102924572
"94","RARS2",0.000543415038617661
"253","FAS",0.000546058721421573
"921","FAM120AOS",0.000552916828036168
"1078","SOS1",0.000552916828036168
"1317","DAXX",0.000552916828036168
"1825","ZNF512B",0.000555297967358368
"612","SHD",0.000557047801253866
"944","LAD1",0.000557047801253866
"1166","NISCH",0.000557829844268149
"1721","POLR2J",0.000557829844268149
"530","MRPL55",0.000559170839866673
"1025","HSPA2",0.000560535948820663
"485","STAM2",0.000560751197907414
"232","PTPRC",0.00057027441042736
"1474","ZCCHC8",0.00057027441042736
"233","AGTR1",0.000573103678765394
"1099","CD40LG",0.000573103678765394
"933","TMEM135",0.000575684367338569
"1777","BEND3",0.000575684367338569
"1887","KRT6C",0.000581251290654003
"665","RGPD5",0.000583048213865522
"1297","PARP8",0.000589121424848013
"338","PDF",0.000590913217565992
"1426","CCBE1",0.000592624945510141
"1120","TYW5",0.000595156870613381
"1623","PLEKHM1",0.000595156870613381
"858","AC092070.2",0.00060125178268163
"1263","AC093668.1",0.000608528890215205
"1101","CBWD5",0.000612491114091954
"856","XPA",0.000613361426069939
"731","ZNF385D",0.000614039434768914
"1586","RAB1AP1",0.000621527608425504
"1848","NREP",0.000621896766885718
"326","IL17RC",0.000624136825154999
"1433","DAB2IP",0.000624136825154999
"443","ORC2",0.000624439049370391
"1321","PTEN",0.000633789114105256
"1262","FAM20A",0.000635573713648337
"1690","KIF5C",0.000635573713648337
"1576","FCHO2",0.000640205787557466
"1032","VAMP4",0.000641975555766701
"528","ZNF468",0.000647379275843736
"116","ZNF85",0.000648797855760776
"747","ATP8B4",0.000649317465237386
"178","CUL3",0.00065012260815878
"309","PITPNB",0.00065012260815878
"905","EBF1",0.000655251181671907
"745","C12orf75",0.000657900014797746
"1764","YIPF3",0.000657900014797746
"781","CYP4F8",0.000669518114199833
"1805","TACR1",0.000671349270091558
"199","TRGV8",0.000673166874463341
"744","ATP1A2",0.000673166874463341
"1214","NSFP1",0.000673166874463341
"115","NOL8",0.000677275670684292
"688","PRMT1",0.000677275670684292
"1396","AC138207.8",0.000677275670684292
"1838","ZNF83",0.000677275670684292
"1031","BOLA1",0.000678053552432956
"252","YAF2",0.000682486130896801
"1003","BX679664.3",0.000682486130896801
"1823","ZNF117",0.000684508489873367
"1283","ABI1",0.000685089523216731
"273","FARS2",0.000686743918115442
"900","ZNF267",0.000699442548478852
"60","ACADL",0.000704536667629184
"1118","IGHV4-55",0.000711121511356308
"1295","CYB5R2",0.000711407876015484
"1552","THEMIS",0.000711407876015484
"689","DIABLO",0.000716198809798363
"649","RPS6KA3",0.000719258766091615
"234","HEXB",0.000723098814300939
"1272","RUVBL2",0.000723883208387493
"584","ZNF212",0.000726772918054853
"715","CORO1B",0.000731891855680443
"1011","CPLANE1",0.000731891855680443
"1218","PLIN1",0.000731891855680443
"1077","GPSM1",0.000733987624848387
"735","PGM5",0.00073815619116815
"1779","SIN3B",0.000739702201183039
"1206","CASP1",0.000740635271179407
"1070","IGF1",0.000742518029078367
"1193","IGLV2-18",0.000744064327663365
"355","LAMP3",0.000744793300455638
"1282","CRIP2",0.000744793300455638
"1525","USP5",0.000744793300455638
"285","SPG11",0.000745332298745369
"792","BNIPL",0.000745332298745369
"993","UHRF1",0.000745332298745369
"724","KRT81",0.000746102662633807
"1802","TMEM129",0.000758774176094018
"974","BTBD6P1",0.000759077025592512
"395","PLEKHH3",0.000759921871243939
"1549","HERC2P9",0.000767338592282754
"491","BLOC1S2",0.000767450426949561
"1776","PATZ1",0.000770358816965661
"1010","TGFBR3",0.000774411968296002
"1536","KRT79",0.000774411968296002
"1234","KIFBP",0.000779045280675234
"1619","H2AC21",0.000782835288484849
"1668","JMJD1C",0.000787313506286008
"533","MS4A4E",0.000787467368385609
"1250","DAGLA",0.000787987054296874
"964","MUS81",0.000792059987746943
"179","PCGF5",0.000806575786692198
"294","TASL",0.000815077601378787
"821","IGHV3-15",0.000817959251173934
"1017","RPUSD1",0.000817959251173934
"1068","B4GAT1",0.000817959251173934
"1131","ZFYVE16",0.000817959251173934
"1306","GOLGA6L17P",0.000817959251173934
"1671","KHDRBS1",0.000817959251173934
"1871","ARL5A",0.000817959251173934
"914","TAB1",0.000818000593704766
"1342","CR1L",0.000818000593704766
"439","CD1A",0.000818356842957457
"990","ATR",0.00082014198906969
"1430","ACTR3C",0.000820182789358477
"884","KRIT1",0.000823976061035499
"1599","SLC29A3",0.000824908193210362
"1021","CYLD",0.000834713969808578
"225","NPIPB3",0.000844631392229579
"263","TPSAB1",0.000844631392229579
"1231","AP2A1",0.00085560849416368
"839","ECHDC1",0.000863096750789752
"1152","TMEM9",0.000863096750789752
"423","CXCR5",0.000863863352044156
"1545","KRT14",0.000863863352044156
"125","CENPC",0.000873737764328759
"1633","POR",0.000881179533895836
"181","APEX2",0.000881372554397677
"51","SLC33A1",0.000888067682176268
"567","CHMP1A",0.000888067682176268
"1322","AC106872.2",0.000888067682176268
"1598","RHOB",0.000890709310902866
"1456","AC091390.3",0.000893830332910637
"797","MMP24OS",0.000895297180899137
"1770","IGLV5-45",0.000895297180899137
"111","ZNF780A",0.000897402695974428
"1291","CEP131",0.000897402695974428
"24","ANKRD36",0.000911826559422554
"1782","CLEC10A",0.000911826559422554
"1243","VARS1",0.000915237352325744
"376","IFT80",0.000916387940142387
"877","MEX3B",0.000916387940142387
"979","C12orf4",0.000925724484354415
"1424","GPR37",0.000925724484354415
"1554","VPS13C",0.000925724484354415
"53","TRPM7",0.000935063948096065
"447","RPL26P6",0.000938559764295133
"39","FZD4",0.000945072805213874
"194","IGHV4-61",0.00094988826257306
"775","PPP2R5D",0.00094988826257306
"920","PPP3CC",0.00094988826257306
"1036","ANO6",0.00094988826257306
"1116","KDM4B",0.00094988826257306
"1445","TUG1",0.00094988826257306
"1588","IGKV2-24",0.00094988826257306
"588","SP140",0.000952472838136431
"758","NBPF19",0.000952566131928854
"397","CUL4B",0.000954827875532632
"458","PON3",0.000954827875532632
"1856","ZFP57",0.000955287628919532
"1254","COL4A4",0.000956579767689984
"659","TANK",0.000958646658808548
"1066","METTL25",0.000958646658808548
"977","LMBRD1",0.0009587975575215
"1406","CYCSP23",0.0009587975575215
"1080","PCDH7",0.000971226912646504
"1567","ERG",0.000978627764108938
"136","ADGRL1",0.000983509917683733
"98","SEPSECS",0.00098746037475156
"1664","SMG1P7",0.00099289664536174
"123","GOLGA8N",0.000998196995974314
"379","GK",0.00099882336328478
"1146","IGHV6-1",0.00099882336328478
"223","FTH1P23",0.00100173533808756
"719","FDCSP",0.00101567302577532
"577","DEF8",0.00101595289710804
"837","RAB21",0.00101685463356801
"1043","MMAB",0.00101685463356801
"151","CMA1",0.00102303055308954
"1877","PPP4C",0.00102585109064052
"89","C16orf72",0.00103559759672486
"803","CIAO1",0.00103559759672486
"685","MRPS26",0.00103607297395362
"1346","CDC27",0.00103607297395362
"384","YES1P1",0.00103670539304242
"1081","ZNF687",0.00103670539304242
"1472","TROAP",0.00104188553012201
"1865","TAOK3",0.00104188553012201
"1476","GNL1",0.00104874259348365
"742","ZBED5",0.00104958211158085
"1092","ATE1",0.00104964586039977
"693","CYB5A",0.00105138026160881
"1171","USP11",0.00105138026160881
"1190","ITGB1BP1",0.00105138026160881
"1658","CNOT3",0.00105138026160881
"1506","GK3P",0.0010515748277178
"11","MYO1E",0.00105315959946959
"448","SELP",0.00106080322869409
"303","WRNIP1",0.00108054942718918
"869","AGAP9",0.00108222018898141
"422","EPS15",0.00108317997911189
"913","LAX1",0.00108317997911189
"1029","TNNT3",0.00108317997911189
"1366","MIB2",0.00108317997911189
"1205","SP110",0.00108772442243229
"1075","RAP1A",0.00109412320725325
"431","KIF20A",0.00109551224945934
"1362","OGA",0.00109551224945934
"82","MLLT1",0.00110248253325409
"306","MED21",0.00110248253325409
"1758","PRCC",0.00110248253325409
"341","GEMIN4",0.00110298883926834
"579","FAM204A",0.00110298883926834
"1740","TLR5",0.00110298883926834
"1301","RPL21P93",0.00111034594797114
"452","DUSP18",0.00112357096518162
"931","PAQR8",0.00112571267493303
"1369","LPAL2",0.00112571267493303
"394","RNF212",0.00112834035275299
"1516","SH3RF2",0.00112834035275299
"1179","PCDHGB3",0.00113161271425233
"604","OR5J2",0.00113442604130319
"435","ARG1",0.00113861884621914
"1613","KRT31",0.00114137075517274
"347","NDUFA12",0.00115073146136891
"1323","PBX2",0.00115230916035187
"1667","AC091167.1",0.00116581008206212
"1127","ABHD16A",0.00116885297188464
"555","CCDC59",0.00117413342744892
"1385","STEAP4",0.00117545179205642
"398","MED23",0.00118013935463176
"396","ERCC6",0.0011842299956205
"683","PPIL3",0.0011842299956205
"1809","GOLGA8M",0.0011842299956205
"845","ELAVL1",0.00119155455272687
"587","VEZF1",0.00119512641164998
"814","MAGED2",0.00119512641164998
"988","INO80D",0.00119660269770751
"1112","OR4F28P",0.00119660269770751
"45","MYCBP2",0.00119873533091478
"270","DCD",0.0012010823576045
"495","USP6",0.0012010823576045
"366","ZNF28",0.00120277929577186
"5","DECR2",0.00120603050139758
"79","KIF22",0.00120971075722372
"1602","STAB2",0.00120992449362823
"1617","ERBIN",0.00121477183632936
"606","TTYH1",0.00121600649440554
"432","STK4",0.00121832054671109
"935","AL139421.1",0.00121832054671109
"147","NUBP2",0.00122060333436623
"1607","ZNF701",0.00123278415390206
"428","TWF1",0.00123329971711532
"1863","PGAM5",0.00123329971711532
"1874","EVI5",0.00123329971711532
"475","SBF2",0.00123748125098769
"1267","TARBP2",0.00123863646892312
"455","MTF1",0.00124407778763543
"614","ASCC3",0.00124407778763543
"1688","MMGT1",0.00124407778763543
"549","APLP1",0.00124924046340005
"1459","BTBD10P2",0.00124924046340005
"1502","ELP5",0.00124924046340005
"1789","FTH1",0.00124924046340005
"454","FBN3",0.00125301155051881
"1420","UBE2D3",0.00125301155051881
"1030","MESP1",0.0012570301182073
"1498","PIAS4",0.00125724762336586
"1096","HBS1L",0.00126511244827824
"1606","APEH",0.00126511244827824
"1621","COL4A3",0.00126511244827824
"1842","PDE4DIPP2",0.00126511244827824
"1605","CD3D",0.00126807169777282
"507","GLUD1",0.00127035031687674
"1679","FLAD1",0.00127035031687674
"1051","PPCS",0.00127205348218891
"247","SH2B1",0.00127894895368665
"642","DHX34",0.00128021170737227
"968","BCL2L12",0.00128417535453466
"1037","EPS8",0.00128417535453466
"1452","SPPL2B",0.00128845210793519
"1090","CD79A",0.00129858393587305
"952","DOC2B",0.00130759071289383
"1522","KRT1",0.00131021876765962
"1739","ENTPD1",0.00131021876765962
"1817","RRAS2",0.00131021876765962
"1885","RAC2",0.00131021876765962
"605","ARMH3",0.00131616811558157
"862","OFD1",0.00131688189090036
"1082","LIPT1",0.00131688189090036
"63","LMOD2",0.00131782436247665
"323","PARP11",0.00131782436247665
"601","PCGF3",0.00131782436247665
"1107","GSDMC",0.00131782436247665
"1656","RPL21P123",0.00131782436247665
"996","CD52",0.00131831318160015
"1548","NONO",0.00131831318160015
"675","NAPSB",0.00132275420534308
"210","ACTC1",0.00132809080724164
"1229","BLK",0.00132809080724164
"137","FTH1P11",0.00133220835980425
"1269","GPR171",0.00133220835980425
"1731","NBEAL1",0.00133220835980425
"752","ZBP1",0.00134253772945927
"1793","HERC4",0.00134253772945927
"224","MCM2",0.00134512751907806
"822","DGKB",0.00134921497639151
"904","SETDB1",0.00134921497639151
"1771","AC139769.1",0.00134921497639151
"764","POLRMT",0.00135118960792321
"451","MYL2",0.00135349481581633
"1125","CR1",0.00135873326512797
"114","UBE2B",0.00136321300324237
"203","ADRM1",0.00136321300324237
"537","COPS7B",0.00136321300324237
"728","PROSER3",0.00136321300324237
"879","DPF2",0.00136321300324237
"1100","IGHV4-28",0.00136321300324237
"1577","GAB3",0.00136975241872394
"756","PIMREG",0.00137298446165448
"205","TBCD",0.00137675910311437
"1444","LYPLA2",0.00137949047667605
"271","ZNF219",0.00137972777377897
"1866","CLEC11A",0.00138220661161569
"1529","DIAPH1",0.00138342376295302
"1650","ORMDL1",0.00139184129578863
"1115","SRF",0.00139477322331012
"1844","IGLV7-43",0.00139708820864412
"187","ECPAS",0.00139732165100426
"873","IMPG2",0.00139732165100426
"511","SRSF3",0.00139826776970156
"1670","CD209",0.00140584456126427
"1391","RICTOR",0.00140781838326696
"7","CD247",0.00140858287695005
"1691","CYREN",0.00141138746734707
"1446","BIRC3",0.00141157277663675
"1511","AC006042.2",0.00141775150916207
"1236","TIAL1",0.00142161045280894
"1448","ZNF705E",0.00142161045280894
"1589","SLFN5",0.00142161045280894
"163","KMT2B",0.0014246036370365
"1638","BBIP1",0.0014246036370365
"1137","DBR1",0.00143055054125322
"1645","RAB11FIP2",0.00143122267664923
"1419","SHLD2P3",0.00143699136987351
"300","RAD9A",0.00143794039873214
"1601","IGLV2-11",0.00144088928423749
"868","R3HDM2",0.00146124810095133
"1047","AVPR1A",0.00146124810095133
"1249","C7orf31",0.00146559002157585
"1160","DLG1",0.00146791788533863
"1382","ADGRF4",0.00147664891518448
"1326","TP53I13",0.0015017366933797
"1089","NPIPA9",0.00150432434926209
"131","SND1",0.00152028896814075
"353","CCDC6",0.00152100457731928
"1345","P2RX5",0.0015365240634301
"1251","RRP1B",0.00154694889540355
"1067","POU2AF1",0.00154785399715311
"779","RASGRP2",0.00155019928993326
"1069","PFKL",0.00155019928993326
"1106","SFRP4",0.00155019928993326
"81","H4C1",0.00155163411198104
"171","PLAA",0.00155163411198104
"780","AKR1C8P",0.00155595714341388
"565","UBQLN1",0.0015574521820668
"1358","NLRP7",0.00155747180240567
"1751","ZNF441",0.00156406575484583
"440","DRICH1",0.00156696699759981
"720","SLC39A1",0.00156757896923389
"1879","NAB2",0.00156757896923389
"1849","SMN2",0.00156862869766363
"311","RPL9",0.00157772636546229
"484","ATG3",0.00157772636546229
"875","RPP21",0.00157772636546229
"291","ZNF765",0.00158195012930978
"1","SLC16A7",0.00159433654390634
"1440","TDRD12",0.00161925293651241
"1470","ZNF821",0.00161925293651241
"1862","C1orf35",0.00161925293651241
"1883","MARK4",0.00162294033001739
"946","GPR65",0.00163185046910025
"1018","ZNF564",0.00163851125174158
"1341","BLOC1S4",0.00164562912820938
"1431","TRBV5-6",0.00164562912820938
"1884","OSBPL3",0.00165659296907866
"1837","SPTY2D1",0.00165735977851292
"1379","TMC1",0.00165894045179993
"654","HSPBP1",0.00166379385851306
"1182","CBWD6",0.00167414268430318
"1449","PARM1",0.00167414268430318
"713","PRKAG2",0.00167968434252988
"1220","IL7R",0.00167968434252988
"1253","AC144530.1",0.00167968434252988
"635","RPS26P11",0.00168748472612482
"173","SSH2",0.00169493539220831
"276","SMN1",0.00169493539220831
"1410","TAS2R64P",0.00169493539220831
"651","DACH2",0.00170840592605055
"1447","FASTK",0.00170840592605055
"1652","CLIC5",0.001710215185316
"202","ANKRD30A",0.00171276371381691
"1643","PSRC1",0.00171572269908436
"643","OPTN",0.00171722170392399
"860","SCAMP4",0.00171932067018536
"760","NR2F6",0.0017243314317756
"1590","GREB1L",0.00172496264617151
"757","CHM",0.00172558817824873
"188","SMG1P1",0.00172563236274439
"523","LVRN",0.00172563236274439
"1170","PPIAP2",0.00172563236274439
"35","ANKRD40",0.00172664165340873
"616","TRIM26",0.00173101801788939
"1634","AGAP3",0.00173101801788939
"1393","PPP3CB",0.00173211402303955
"1414","MYOM1",0.00173531400298552
"695","MYSM1",0.00173958375922443
"1788","DPRXP4",0.00174142614502452
"404","FAM228B",0.00174250369370577
"582","IGHM",0.00174559095062666
"1632","NEMF",0.00174570724347662
"1804","SLC26A5",0.0017515934815195
"815","DPYS",0.0017563848578631
"149","RNASET2",0.00177441449572554
"476","FKBP8",0.00177441449572554
"644","KATNB1",0.00177441449572554
"793","ZNF525",0.00178776220221735
"653","RPL36AP13",0.00179055446762943
"697","A4GALT",0.00179430125925918
"165","TIMD4",0.00180830570010581
"1692","R3HCC1L",0.00181399013463293
"1853","SETD1A",0.00181840550280035
"885","PPP1R16A",0.0018257849864653
"1290","ADAM15",0.00183378941910265
"794","AL732372.2",0.00183598682283578
"857","IGHV1-24",0.00183598682283578
"1597","SLC40A1",0.00184239575310696
"1702","ABHD12",0.00184325759269575
"1466","MSI1",0.00184972222057872
"1724","LDB2",0.00184973556293947
"1557","LYPD3",0.00185098201350453
"1508","TSSC4",0.00185502197595941
"872","DSG1",0.00185940554260259
"400","NBPF9",0.00188266318410885
"729","PYROXD1",0.00188266318410885
"1653","P3H4",0.00188266318410885
"23","SOGA1",0.00188319853845076
"1394","PCOLCE",0.00188319853845076
"1533","VPREB3",0.00188319853845076
"245","CCHCR1",0.00188417657365594
"250","PYHIN1",0.00189008754365894
"1579","KRT15",0.00189486125204718
"464","FAM107B",0.00190496744121287
"874","IGLL5",0.00190496744121287
"1389","AC068446.1",0.00190496744121287
"196","IGHV3-43",0.00191263392018093
"1344","SPG21",0.00193109316142661
"1016","TONSL",0.00194213775520559
"471","RLIM",0.00194238379338843
"569","H4C3",0.0019461955636731
"1177","TAS2R19",0.00195661584062993
"345","NBPF17P",0.00196915982192889
"895","MAGED1",0.00197362187364268
"912","TM9SF3",0.00200185289509421
"241","SPINDOC",0.00201008765581417
"1098","LGI4",0.00201008765581417
"925","ST8SIA6",0.00201769384535358
"562","FYCO1",0.00201820068158968
"122","FAM160B2",0.00201976064594972
"556","RAB3GAP1",0.00201976064594972
"568","OR56B1",0.00201976064594972
"70","BHLHE41",0.00202370650428276
"388","BNC1",0.00203420805535376
"1641","GATA3",0.00204075096665083
"1555","SELL",0.00204545938569041
"1767","VPS54",0.00206718762475864
"37","GOLGA8R",0.00206809337250362
"215","FBXL6",0.00207871562122852
"1720","IFT20",0.00208732742181015
"919","PIWIL1",0.00208759293238722
"1373","RFXANK",0.00209987780191004
"267","TVP23CP2",0.00210789703310229
"585","MUC1",0.00210789703310229
"1515","RBBP8",0.00211550741073876
"1683","SOS2",0.00214128866170746
"1676","TPD52L2",0.00214189887295095
"1299","ANKRD17",0.00214226474017888
"399","DOCK11",0.00215397932760519
"751","TGIF2",0.00216559218373448
"983","TAF2",0.00216736003735582
"1040","TCEA2",0.00216736003735582
"1709","ACOX1",0.00216799008988802
"301","NDUFV1",0.00216806842086169
"680","GLRXP2",0.00217177861206519
"1794","CNTNAP2",0.00217676580923566
"676","TRIM5",0.00219040761181086
"227","DYNC1LI2",0.00219745838828426
"316","UNC5C",0.00221203710352622
"623","POU3F3",0.00221203710352622
"1780","EPN2",0.00221203710352622
"1425","AKAP9",0.00222416747317058
"65","CCDC141",0.0022299680610568
"838","PIGQ",0.00223858407155417
"1176","IGHV1-69",0.00223858407155417
"1343","LTA4H",0.00223858407155417
"1843","TRGV10",0.00223858407155417
"1852","WDR45B",0.00223858407155417
"93","EEA1",0.00224846038524047
"244","PLA2G4F",0.00226929638500795
"1436","RC3H2",0.00227107320341439
"467","ZNF561",0.00227826969147305
"898","MRFAP1",0.00228484316852536
"1202","TRAK2",0.00229360215780395
"1527","KCNIP1",0.00230395442020934
"389","AC008850.1",0.00231590749776816
"1367","PCNX2",0.00231600697763986
"352","CATSPER2",0.00232295435612095
"1718","ARHGEF40",0.00232295435612095
"61","SLC18A2",0.00233295250113189
"242","TAB2",0.00234355139018807
"1197","DPH3",0.0023520255285664
"743","NCK2",0.00235411343119296
"290","KPNA4",0.00236635194574525
"938","SLC38A9",0.00238072404383288
"647","ZNF154",0.00239575007968387
"1888","MPND",0.00241100036632101
"59","KCTD18",0.0024162489036086
"1402","ZNF213",0.00241914044703619
"1565","SUMO2P21",0.00242416837085532
"1778","PALB2",0.00242860285130415
"512","SAMD1",0.0024390591916585
"1808","AL513365.1",0.00244001227185849
"942","IGKV3D-15",0.00244139390891612
"1408","AC022150.4",0.00244182933326716
"1465","MUC5B",0.00244182933326716
"1530","TMEM236",0.00244182933326716
"1797","HAVCR1",0.00244182933326716
"1140","TMEM201",0.00245106327095202
"214","APBB2",0.00245168338695572
"1526","NCLN",0.00245363293284372
"892","MIDN",0.00245589655203761
"730","HLA-DMA",0.00245775545829743
"1270","ACTG1P14",0.00245775545829743
"1352","AC114490.1",0.00245775545829743
"1423","CD48",0.00245775545829743
"1581","FAM120B",0.00245775545829743
"906","HIPK3",0.00246642873500899
"632","ASXL2",0.00246845261114033
"982","LINC01881",0.00248430665395739
"1276","CD244",0.00248430665395739
"340","SLC2A4RG",0.00249850414404622
"1230","GUF1",0.00249850414404622
"1660","BYSL",0.00249850414404622
"1227","PACS2",0.00250973029379721
"286","OTULIN",0.00251099356732202
"1612","EPHB3",0.00251099356732202
"1675","UPF1",0.00251099356732202
"330","SPI1",0.00251580450805804
"1560","SAMD4B",0.00253152336334075
"462","ZNF600",0.00253538029516365
"542","EBAG9",0.00253538029516365
"948","BDH2P1",0.0025395100363806
"465","DSC3",0.00254651416492257
"1437","EEFSEC",0.00254839693715586
"1022","PIH1D1",0.00255332634178057
"1049","TNFSF11",0.00255332634178057
"1328","PET100",0.00256441980604524
"1132","P2RY13",0.00256686258821863
"119","TIFA",0.0025764443504077
"368","BTLA",0.00258115680069516
"714","MB",0.00258115680069516
"212","DHFR2",0.00258240220696939
"590","NTAN1",0.00258240220696939
"468","MYO18B",0.00258664328703505
"211","KRR1",0.00259617233423083
"424","ZNF644",0.00259617233423083
"472","WBP11",0.00259617233423083
"1505","CHMP6",0.00259686169936656
"1330","ZNF496",0.00263406983550841
"853","ABHD17C",0.00264118931632835
"1298","RPL9P7",0.0026537131100356
"377","MANEA",0.00265387123176266
"1487","TASP1",0.00266411182377354
"1007","AL049597.1",0.00266694309794217
"1860","CD3E",0.00266694309794217
"767","TRAPPC6B",0.002669995328536
"800","ARNTL2",0.00271497411903262
"1787","SRC",0.00272287997017599
"956","TIGD5",0.00272398090250161
"629","ARNTL",0.00272406410226054
"1238","ICOS",0.00272406410226054
"999","OSBPL8",0.00274035388613207
"1059","OVCH2",0.00274682855323912
"1636","AGPS",0.0027476216379589
"333","LZTS2",0.00275486734789784
"1471","AC113935.1",0.00275643916594791
"524","TBC1D3F",0.00275887400963415
"1126","TLR6",0.00275887400963415
"835","MMRN1",0.00276699832284199
"1662","IRAK3",0.00276699832284199
"1499","KLHDC3",0.00276748248103567
"126","RFX7",0.0027710674683778
"985","PRR3",0.00278116722948774
"1677","RGPD1",0.00278116722948774
"1248","NT5E",0.00278334469638455
"664","SMIM10L1",0.00278402807513223
"192","NECTIN4",0.00279406997753452
"1791","HMOX2",0.00279768606336983
"989","INTS1",0.0028045397921689
"1786","C7orf50",0.00280982222539726
"41","GRID2",0.00281100213839043
"444","LINS1",0.00281100213839043
"295","TAGAP",0.00281315752484556
"1002","C1QTNF3",0.00283716739402383
"819","CACNA2D3",0.00283901997588131
"1870","DDAH2",0.00284773278170465
"1867","SPTLC1",0.00285935464067747
"220","ERP27",0.00286205235465868
"761","LY9",0.00286205235465868
"998","RANBP9",0.00286205235465868
"1318","CTSG",0.00286333518081224
"705","STMN4",0.00287222334842562
"1319","ZNF836",0.00292111401355082
"785","HMGN1P1",0.00293084997335681
"1480","ADH1C",0.00293084997335681
"1591","RCE1",0.00293084997335681
"1682","EDARADD",0.00293084997335681
"1772","GOLGA8O",0.00293084997335681
"1052","DPY19L1P1",0.0029339474841204
"1669","EP400",0.0029339474841204
"386","PFDN6",0.00293592851216106
"694","ASAH2",0.00293933162471947
"1404","PCDHGA5",0.00293933162471947
"1550","ABT1",0.00294236017601262
"962","TMEM94",0.00295270425721343
"1824","HIBCH",0.00296325426841621
"1500","ADGRE4P",0.00296659643097965
"75","ABRAXAS1",0.00297137874025558
"861","CD200R1",0.00297137874025558
"1195","ATRX",0.00297137874025558
"1387","RRNAD1",0.0029777530731441
"1760","FBLN5",0.00298186589154723
"429","RAB43",0.00299813437373379
"1869","FGFBP1",0.00299813437373379
"369","SLC22A3",0.00299848960725877
"1646","GFPT1",0.00301116356030447
"68","BRAT1",0.0030178779916224
"866","ZNF763",0.00302696807023404
"594","TNXB",0.00305269422362469
"1278","RELN",0.00305269422362469
"1438","ACOT11",0.00305674964379192
"934","GET4",0.00306917774220075
"1710","SP100",0.00307898579539363
"437","ZBTB11",0.00308365782501811
"1364","CNP",0.0030837887264432
"981","AC133065.2",0.00308881203711605
"1481","IGHG3",0.00308881203711605
"836","FAM25BP",0.00309402206478174
"1302","USP35",0.00310049089979279
"830","KRT25",0.00310388255251676
"1304","CLK1",0.00310832299499995
"541","CCDC144CP",0.00311553007346996
"1520","LY75-CD302",0.00312263898978906
"144","JMJD8",0.00312918960171423
"522","CAPN5",0.00313204490062088
"978","GPS1",0.00313399118673023
"704","WWP1",0.00313441048721409
"103","MRPL2",0.00313698568263769
"707","AKR1C1",0.00313698568263769
"698","CD1B",0.0031397310372412
"157","LYSMD1",0.00314879391620789
"626","ETFA",0.00317830166734089
"135","FKTN",0.00320002935366543
"494","ARVCF",0.00320369719385488
"613","FAM161A",0.00320369719385488
"1039","RNF165",0.00321528409900814
"1347","ADAM10",0.00321550330216901
"358","ANXA8L1",0.00321583902053717
"1235","ZNF137P",0.00321583902053717
"708","ZFYVE21",0.00321994142174902
"957","TRIM33",0.00321994142174902
"958","SAR1B",0.00322690988465133
"1562","LACTB",0.00322690988465133
"972","IRF8",0.00322712704155576
"1093","A2ML1",0.00323152481971491
"349","CYP2R1",0.00323565388153387
"1259","CST2",0.00323565388153387
"1693","PPIAL4H",0.00323565388153387
"666","PATL2",0.00324179488652731
"848","H1-5",0.00325368714990103
"1845","ACAD10",0.00325368714990103
"204","BIN2",0.00325803795548722
"824","RPS4X",0.00325803795548722
"414","LAMTOR3",0.00326335287989025
"809","TMSB4XP4",0.00326335287989025
"155","DPP3",0.00326369409960191
"1766","SAE1",0.0032658703229942
"36","HNRNPA1P33",0.00327528662627421
"3","MBNL1",0.00327931215028792
"699","C16orf91",0.00327931215028792
"1851","XCR1",0.00327943798111237
"1654","PCDH10",0.00328523085113118
"127","PTPRG",0.00329590407933374
"1135","TEAD2",0.00329817559461912
"995","CLEC2D",0.00329832324435944
"441","MAML1",0.00330444931020674
"1542","TJAP1",0.00330467265433631
"1460","PYGM",0.00330659104032247
"332","SIGLEC6",0.00331341864596269
"638","ARF5",0.00331341864596269
"852","TYRO3",0.00331341864596269
"2","TIMM29",0.0033169558768517
"359","ZSWIM9",0.00331938649339165
"1072","ZNF618",0.00332855645749668
"1741","PUS7L",0.00332882827322781
"34","INCENP",0.00333304245101167
"710","KCTD15",0.0033344025189435
"716","ACY1",0.00335095997230382
"772","CASQ2",0.00335095997230382
"1711","STT3A",0.00335095997230382
"1336","IGHG2",0.0033603076170401
"375","DCLRE1CP1",0.0033736029811485
"795","TNRC18",0.00337721114425282
"1409","DUOXA1",0.00341341238231086
"1383","AC020550.1",0.0034209781474719
"876","MS4A6A",0.00342301362706251
"801","DMKN",0.00342303745681465
"1792","CMAHP",0.00343088713232346
"1055","SLC25A16",0.00343097956329212
"1534","ERAP1",0.00345090098160557
"1748","ANKRD13C",0.00345496397892604
"787","BDP1",0.00345990484756451
"969","ADAMTS7",0.00345990484756451
"1094","ERCC8",0.00345990484756451
"1665","NACA4P",0.00345990484756451
"746","AC080014.1",0.00347298875209733
"702","SLC39A3",0.00347796091299411
"619","CD58",0.00347811144113366
"1458","ZNF484",0.00350032953946806
"31","SCAND1",0.00351302856753178
"1796","SAMD14",0.00351302856753178
"810","MTPAP",0.00351863927077864
"246","SBDS",0.00352569921023259
"185","LITAF",0.00353703395889937
"624","NPAT",0.0035370777052223
"783","TRAT1",0.00353744075441522
"1192","PLAC8",0.00353744075441522
"782","HNRNPA1P48",0.00354271385006468
"1490","ADGRL4",0.00355867138307433
"459","RARRES1",0.00356598985646485
"479","CACNA1S",0.00356598985646485
"1596","FZD2",0.00356598985646485
"1104","HUNK",0.00356658503521642
"674","LRRC41",0.00356978330746511
"811","GOLGB1",0.00356978330746511
"52","MGAT4A",0.00357132493274053
"160","METTL26",0.00357132493274053
"870","LYZ",0.00357132493274053
"1026","SLAMF6",0.00357132493274053
"1241","PIKFYVE",0.00357132493274053
"1028","RPS26P21",0.00357874734111423
"186","IGLV3-25",0.00358154688443528
"1338","TAS2R46",0.00359243563103242
"615","IGLV3-9",0.00359890945481759
"1005","BCL7C",0.00360247141623443
"1484","MLLT11",0.00360247141623443
"991","ACTR3",0.00360434196096127
"1840","ZNF408",0.00361481350245505
"1699","AQP7",0.00361777140835586
"1157","LXN",0.00362844755533145
"1256","ARHGAP9",0.00363674798077089
"1421","EIF4A2P2",0.00363674798077089
"770","WDR24",0.00366752555629433
"894","GCSH",0.00367009922603746
"184","AC114495.2",0.00369754866497361
"597","H3-3A",0.00371186829179592
"342","CBX2",0.00371198479933973
"426","DENND2C",0.00371198479933973
"1568","KRT73",0.00371274791075597
"1000","ATXN2",0.00371722504480801
"54","CUL2",0.00373436382753597
"1622","YWHAG",0.00373870349927036
"1695","TICRR",0.0037456480807951
"1188","TMEM14C",0.00375786435279601
"1722","KCNMA1",0.00375786435279601
"1416","SGCG",0.00376828488348922
"907","AC005351.1",0.00376899256263975
"1350","TRIM22",0.00377473653600316
"592","IGHGP",0.00377876486401873
"849","DYNLT1",0.00379598944914987
"1207","FKBP2",0.00380357951908884
"1531","MCEE",0.00381665159526897
"671","TNFSF8",0.00381859274678415
"1083","FAM86C1P",0.00382399364827789
"73","DNM1P47",0.0038497104830842
"292","POF1B",0.0038497104830842
"1595","RAB11B",0.0038497104830842
"1376","GNB2",0.00385000446944035
"1566","PEX3",0.00386134423167771
"1663","AC008770.2",0.00386244697037564
"1279","UEVLD",0.00386336806399664
"104","TRBV6-5",0.00386349191790021
"1661","ISCU",0.00387696994785281
"561","SERPINB9",0.00388091129712723
"299","QPCTL",0.00388460275983755
"548","H4C5",0.00388621605731197
"113","MDM1",0.00389418918239779
"552","NR2F1",0.00390176804559778
"718","NAT14",0.00390176804559778
"486","AC133473.1",0.00390720955363281
"500","QTRT1",0.00390837986753447
"817","FCSK",0.00390837986753447
"44","COA5",0.00391196238277121
"120","MOB3B",0.0039142225836511
"419","AP3M1",0.0039142225836511
"1046","SLC9A9",0.0039142225836511
"1079","RPL23AP18",0.00392331854386774
"1473","H2BP2",0.00396351195781525
"878","CYSLTR2",0.00397128655125824
"1313","UNC13A",0.0039771867253254
"550","PLEKHG7",0.00399812160490579
"1768","MON2",0.00399812160490579
"554","RIDA",0.00400434704971436
"1351","TATDN2",0.00401605101023896
"667","ACSM1",0.00401994975386989
"1372","MYO9A",0.00404708163578414
"106","DSC2",0.00404818629679007
"1624","ZNF138",0.00409008381913205
"148","MDFI",0.00409748623940449
"139","B4GALT1",0.00409960129081094
"324","TEC",0.00410511252657317
"1417","DENND2A",0.00410574261253225
"218","CDC37L1",0.00410905796001843
"572","NHS",0.00412886173214499
"304","MYO3A",0.004142260257708
"482","BAZ2A",0.004142260257708
"846","ZFC3H1",0.004142260257708
"1830","RNF31",0.004142260257708
"351","SUMO2",0.00414767705935575
"1501","PIF1",0.00414920365341488
"403","ADK",0.00415830111192065
"1836","KCTD1",0.00417748942231524
"373","PPARG",0.00418203891289969
"1698","ZFPM2",0.00418203891289969
"1012","IL31RA",0.00419291552848459
"1803","GLIPR1",0.00420215374648624
"1765","MTMR2",0.00421803490686446
"42","CT45A10",0.00423450650729572
"950","CBARP",0.0042382056360618
"1334","ARMC6",0.0042382056360618
"1855","TRBV2",0.0042382056360618
"1694","SOAT1",0.00425420160993255
"473","NIPBL",0.00425608777169749
"1088","SLC46A3",0.00426854208866754
"679","ZMYM6",0.00430388659141443
"823","TBX2",0.00431246298319447
"1355","NLRP1",0.00432462603100173
"150","GPR137",0.0043319011326662
"1781","ARPC3P3",0.00434002367389494
"539","SLC35B2",0.00435761637420319
"1434","RPAP2",0.004357864075064
"493","ASPSCR1",0.00436292328241746
"50","SBDSP1",0.00436374265818543
"966","OCA2",0.00436374265818543
"526","CCL24",0.00437060407794267
"1060","FSCN1",0.0043768982937043
"322","CRBN",0.00437898144763132
"1381","TPSB2",0.00437898144763132
"1680","PLIN4",0.00437898144763132
"1593","PPP1CC",0.00437900037544446
"1300","AC106707.2",0.00441651689113813
"1673","ZRSR2",0.0044193603671915
"939","TLR4",0.00442244121061755
"1878","STIMATE",0.00442244121061755
"1485","KLHL29",0.00443319758878814
"1113","RMND1",0.00444206181426135
"13","EIF2AK3",0.00444855826317461
"1315","STMN3",0.00444855826317461
"8","SOCS4",0.00446045325156951
"1411","NECTIN2",0.00446045325156951
"516","IGKV6-21",0.00446707196403013
"580","TNFAIP8",0.00447533035412726
"941","PIDD1",0.00448949542758099
"329","FOXO3B",0.00450620897164984
"889","CLNK",0.00451852443018542
"599","PPP6C",0.00452962246197036
"1097","TMEM245",0.00453165717907314
"891","CCL27",0.00454248247259099
"1186","USF3",0.00454446755363544
"1429","BTBD2",0.00454743087041143
"143","RASA1",0.00457659396301743
"466","SF3B2",0.00457659396301743
"788","CDK16",0.00457659396301743
"798","CNR2",0.00457659396301743
"1723","TXK",0.00457659396301743
"1734","WDR47",0.00457659396301743
"922","CLCA2",0.00459779327139
"1491","GAS2",0.0046051562764897
"576","LIN7C",0.00461622253185921
"1795","MT-ND3",0.00463805434936221
"1681","KCNA3",0.00464732833246646
"947","SLF2",0.0046602234033924
"1156","WDR18",0.0046602234033924
"6","ZNF503",0.00467384307772617
"1704","MRI1",0.00468468072331737
"951","HVCN1",0.00469047589522228
"634","ZNF888",0.00469548902089155
"1687","KCTD12",0.00469548902089155
"1442","NDUFAF7",0.00469957050233388
"1111","ZNF721",0.00470242761206604
"1204","PDZD7",0.00470242761206604
"1293","ZNF490",0.00470242761206604
"1580","PEAK1",0.00471335524426652
"883","CCNT2",0.00472232241083359
"1265","MAF",0.00472232241083359
"1517","EAF2",0.00472232241083359
"370","FBXL3",0.00475626646922953
"1027","XG",0.00475626646922953
"1163","CSTB",0.00475626646922953
"1441","URB2",0.00475626646922953
"198","UROS",0.00476232534421268
"540","FEN1",0.00477038584923247
"930","NF1",0.00477038584923247
"1349","AOAH",0.00478140531102385
"1820","PHRF1",0.00482657220330085
"266","EPHA6",0.00484949760436048
"975","UBE3A",0.0048650521770961
"1814","RGPD6",0.00487270859451809
"1714","SSH1",0.00487405667754741
"1244","ANKRD36B",0.00487754146361152
"415","NRROS",0.00487999675787078
"963","C19orf12",0.00487999675787078
"9","DPY19L2",0.00488984891910383
"517","AC008379.1",0.00489481154859553
"633","CUTA",0.00490836051314755
"661","RPL10P3",0.00490836051314755
"1528","ZNF791",0.00490836051314755
"547","NAIP",0.00491017087081453
"145","SMG1",0.0049251096733156
"997","ZNF487",0.00492633327380112
"1600","VANGL2",0.00492633327380112
"790","PEX1",0.00492679976395012
"461","NXF3",0.00492704454687056
"1571","TXN",0.0049272721653392
"1439","EIF2B3",0.00494027760031399
"557","CLIC3",0.00494870941977308
"180","ZNF439",0.00494927886782537
"470","PPA1",0.00494927886782537
"208","WASHC2C",0.00495594841301302
"670","GAN",0.00495594841301302
"1122","CREB3L4",0.00495594841301302
"871","TSHZ1",0.00496119247009171
"174","DCAKD",0.00496939793082882
"231","ABI2",0.00496939793082882
"361","POU2F2",0.00497791224693027
"1541","H2AC4",0.00498629382407593
"725","MACIR",0.00499732002544511
"1273","SCUBE3",0.0050037290632232
"84","CCDC88A",0.00500476265879809
"1451","XAB2",0.00501076409935175
"1151","ZNF681",0.0050337644562798
"1744","MAGOHB",0.00507446953730409
"1332","ZSWIM4",0.00507808282559833
"1583","THRB",0.00508185486301011
"260","CFP",0.00512085393561495
"265","NAT10",0.00512085393561495
"1774","MTFR2P1",0.00512334363842371
"1033","CFAP410",0.00513560859097221
"564","HIVEP2",0.00513928293067775
"1035","RIMS2",0.00514217518261791
"1353","B3GALT6",0.00515083828018562
"1308","DDX51",0.0051654523395952
"1386","MEIS3P1",0.0051654523395952
"363","UBE2O",0.00516799979086655
"1042","MLST8",0.0051770052010411
"1246","NBPF11",0.0051770052010411
"1397","SETD1B",0.0051770052010411
"1831","TMEM123",0.00518109781679962
"578","OSBPL6",0.00519111923938773
"417","KIF15",0.00521424254783507
"538","NACC1",0.00521754328458459
"1510","LIF",0.00521754328458459
"77","CPLANE2",0.00523897948733398
"867","FRAS1",0.00523897948733398
"1388","MCM10",0.00523897948733398
"1212","DUOX1",0.00524043583391684
"100","DUSP16",0.00524316289687113
"12","BTBD10",0.00524474830867069
"393","PHF1",0.00524474830867069
"1143","MAMSTR",0.00524474830867069
"1806","TNFSF10",0.00524474830867069
"1405","ANO9",0.00525808407369961
"118","NFKBIB",0.00526502227498778
"238","NRM",0.00526502227498778
"1727","CD34",0.00526538949680768
"984","CEP162",0.00529637792737728
"1281","KRT8P46",0.00529637792737728
"701","FAM204BP",0.00529995538551765
"469","DUSP10",0.00530422442037778
"1178","IL15RA",0.00530930272054194
"566","TMCO1",0.00531327532285606
"1873","ADM5",0.00532032649055615
"1799","PPP1R3A",0.00532494798591269
"69","NKRF",0.00532931281087873
"586","DAZAP1",0.0053319879240685
"754","AL365475.1",0.0053319879240685
"641","GCN1",0.00533971704150944
"1785","FAM98C",0.00533971704150944
"909","ADAT3",0.00535151238506303
"1053","SOX12",0.00535151238506303
"1180","COASY",0.00535151238506303
"275","TRAV12-3",0.00535275282112388
"158","CD28",0.00536589172099817
"256","NDUFAF1",0.00536650843076964
"864","POM121L1P",0.00536650843076964
"1221","GOLGA6L3",0.00536650843076964
"1822","FIZ1",0.00536650843076964
"1847","RAB40C",0.00536650843076964
"445","FNBP4",0.00538043672618053
"489","ARL17A",0.00538327712990149
"645","ELAVL4",0.00538327712990149
"1155","WDR46",0.00540236986305443
"1422","ZDHHC21",0.00541040090018768
"310","PCMTD1",0.00541770700111974
"1812","ZNF443",0.00544171679407382
"1620","AC010422.3",0.00544804233700161
"1427","MAN2A2",0.00547914715756068
"195","C19orf33",0.00549865405689862
"1247","TRAV13-1",0.00549865405689862
"1399","IPO8",0.00550953790908714
"603","BAHCC1",0.00551472496274923
"611","Z74021.1",0.00551472496274923
"1475","MLKL",0.00551472496274923
"391","ZNF624",0.00553293217399223
"1708","ZNF768",0.00553293217399223
"261","EIF2AK2",0.00554285768842954
"827","TRAV1-1",0.00558754436983643
"1280","B4GALT2",0.00558847204078667
"1666","ACTG1P1",0.00558979182808002
"1655","AC015911.4",0.00562379989881388
"1535","DSC1",0.00562699279591003
"656","XPOT",0.00562723143728881
"882","DIAPH2",0.00566798536497483
"1233","PHLDA1",0.00566798536497483
"1428","INTS12",0.00569622360103673
"791","QSOX1",0.00569627461890153
"1686","TRAV1-2",0.00569627461890153
"971","IKZF3",0.0057042953578999
"371","KIN",0.00570595430342568
"1124","ARHGAP30",0.00570627846471677
"346","ZBTB45",0.00571114355673412
"502","ACKR1",0.00571197380776525
"1357","LIPA",0.00571197380776525
"1361","CYP4B1",0.00572046726490095
"268","CD276",0.00573716088335373
"929","C1orf131",0.00573716088335373
"433","SVEP1",0.00574111627465179
"337","FTH1P8",0.00575511085312413
"38","ADIPOR1",0.00576469481520712
"527","KCNF1",0.00576469481520712
"1223","TTC31",0.00576469481520712
"1753","MZB1",0.00577482680102157
"191","MALT1",0.00578401420978589
"287","DNAJB6P8",0.00579665986649503
"1651","PIK3CB",0.00580508819769213
"902","PCDH17",0.00581880792793537
"1798","NMI",0.00582762863837247
"258","SAMD5",0.00582773157041604
"923","BRD9",0.00582773338902725
"477","LRWD1",0.00583812426699055
"1604","AL355032.1",0.00583812426699055
"723","C9orf72",0.00583985923225828
"1818","PARP4",0.00584958198976231
"33","MAP4K3",0.00585066851021355
"711","FBXW7",0.0058674095201785
"777","CREBL2",0.00590106345723831
"1183","TRIP13",0.00590537896738649
"1745","TRDN",0.00591370015922527
"881","FKBP10",0.0059401540481569
"1232","AC135721.1",0.00594853010520677
"531","TAF8",0.00595727909808391
"691","EXOSC3P1",0.00596838900753548
"1674","PAFAH1B1",0.00596838900753548
"686","COL25A1",0.00598990714537535
"888","AZI2",0.00598990714537535
"1063","CD96",0.00599718856266681
"449","TTC19",0.00599988088301411
"1882","LY75",0.00600545268132888
"1201","TKTL1",0.00600550768717348
"1469","KL",0.00601272451781308
"1121","STRN3",0.00602619951535589
"1359","SNRPGP17",0.00603358448810074
"411","ATXN2L",0.00604744177634513
"1850","SYDE1",0.00605022248535174
"1626","HEG1",0.00605316992518328
"262","PELI3",0.00605511679826793
"652","KIAA1958",0.00605511679826793
"383","SLC2A14",0.00606255047866854
"737","CCN4",0.00606255047866854
"1095","CCDC86",0.00606912458104604
"1462","PMS2P6",0.00607743773383138
"1876","ADCY6",0.0061015838713996
"47","TRAPPC4",0.00610370480672232
"662","DCAF15",0.00610441227560607
"842","BANF1",0.00611291279098836
"255","P2RY8",0.0061208492908102
"596","ATP6V0E2",0.0061208492908102
"331","BABAM1",0.00612485204756679
"820","ITGAD",0.00612485204756679
"1340","DICER1",0.00612485204756679
"1829","SLC12A3",0.00612485204756679
"129","ZNF280D",0.00612870975002044
"776","PHETA2",0.00612870975002044
"954","TMCC3",0.00615869779825064
"766","HNRNPDL",0.00616718632000051
"1712","POLR1B",0.00618670956236464
"490","PRXL2B",0.00622938083091892
"859","TRAF3IP3",0.00622938083091892
"298","PIK3C2A",0.00624940231750966
"1455","SIRPG",0.00626959754608936
"1488","SAMD3",0.00626959754608936
"1553","FGF7",0.00626959754608936
"1240","AC141557.1",0.00627606412129646
"717","HNRNPCP2",0.00627629973300842
"620","PDIA6",0.00629179949433524
"1287","TTC39B",0.00631571951352595
"483","SLAMF1",0.0063263382102746
"1057","EVI2A",0.0063263382102746
"1392","CD22",0.0063263382102746
"1222","SYTL2",0.00633989289390196
"380","CCR4",0.0063443891394407
"1492","TBC1D3L",0.006357144760772
"1400","ANKRD20A7P",0.00637263627693297
"1208","GIMAP8",0.0063769982524284
"1154","ZNF587B",0.00637975854633359
"1540","AP5S1",0.00643618753955606
"350","ANKRA2",0.00645710893987362
"427","ALS2",0.00646176749945
"1486","FMR1",0.00646176749945
"1130","PPIP5K1",0.00646226698472489
"1184","DGKQ",0.00646226698472489
"1773","CLUH",0.00646226698472489
"1726","KCNC3",0.00647730462302147
"600","CNTROB",0.0065323173543692
"259","L1CAM",0.00654356189186182
"520","GPR174",0.0065573475424624
"1314","BNC2",0.00655876908499791
"1065","TGOLN2",0.00656125138794232
"1324","NIT1",0.00656164365146802
"177","RAB27A",0.00656595921484074
"1478","GLRX",0.00656595921484074
"76","SCFD1",0.00657136702909684
"325","NCAPD2",0.00657136702909684
"748","NDUFS8",0.00657136702909684
"1198","TRAV8-6",0.00657136702909684
"453","ANXA7",0.006583281456388
"677","HMGCS2",0.006583281456388
"1038","UBE2F",0.006583281456388
"1415","YTHDF1",0.00658795258938984
"755","KRT75",0.00660024998941917
"1482","PRRG4",0.00660024998941917
"1518","PCDHAC1",0.00660024998941917
"1292","RALY",0.00660384430902455
"25","RNF14P1",0.0066140003495388
"1716","ARL3",0.0066140003495388
"1881","PLK1",0.00662264417816379
"425","PPP1R37",0.00663198522165201
"1252","AC136632.1",0.0066326400653603
"1755","KRT71",0.00665925192854731
"863","GNA11",0.00668038321016707
"105","ZNF813",0.00673199317301405
"1886","NAAA",0.00673806802906383
"66","PHKB",0.0067395393811585
"987","EBF2",0.0067395393811585
"1833","PRPF38B",0.00674228487472379
"128","UBP1",0.00674392345972266
"559","ANK1",0.00674392345972266
"1649","IL5RA",0.00676858560537279
"1141","TRAF7",0.00678429904673467
"1175","BRWD3",0.00678429904673467
"1443","RIOK1",0.00678429904673467
"1732","PLEKHM1P1",0.00678429904673467
"183","SMG1P5",0.00679031734254726
"213","ZNF720",0.00679031734254726
"382","GJC3",0.00679031734254726
"1880","ALG6",0.00680028862418321
"1023","PCDHGA6",0.00680363448643326
"108","GLMN",0.00682742313535371
"1296","PARG",0.00682742313535371
"515","IL10RA",0.00683977640904053
"639","MAN1A1",0.00685288657116048
"570","GIT1",0.00685539739641419
"1009","RNF38",0.00685539739641419
"161","RPTN",0.00685741062585838
"786","BNIP2",0.00685741062585838
"1584","TRGV5P",0.00686838223208328
"305","RUSC1",0.00688262182601512
"58","DAPP1",0.00691521695130994
"74","RORA",0.00691521695130994
"343","PHF21A",0.00691521695130994
"518","DSG4",0.00691521695130994
"420","MRE11",0.0069224498853428
"804","CENPO",0.00692544712610836
"1483","NPEPL1",0.00695375802495797
"784","MAGEF1",0.00695916126235855
"1841","KRBOX4",0.00695993084978054
"1001","TMEM63B",0.00696036360660025
"1594","MCM5",0.00696711603269065
"109","ZNF562",0.00698748871182228
"1105","IRF2",0.00698748871182228
"591","NPTX2",0.00698898117418761
"1312","DPH1",0.00700065936207275
"1337","CCNP",0.00700065936207275
"924","NBPF12",0.00700969066323406
"1288","PRSS21",0.00700969066323406
"965","ADPRS",0.00703929745400856
"1790","AL391058.1",0.00704522739985106
"1644","N4BP2L2",0.00705374776451236
"1864","HSP90B1",0.00707628087137604
"474","ITM2C",0.00708423076017973
"765","YBX1P10",0.00709963675813292
"887","KRT6B",0.00710616295110266
"1813","PHYH",0.00710616295110266
"55","ELP1",0.00711643667220184
"1616","MAGEA9B",0.00716342556616941
"1573","CLIP1",0.00717420785553173
"682","NT5DC2",0.00718284678860857
"4","POLR1C",0.00718313832298924
"805","TBX1",0.00718313832298924
"1730","TAF6L",0.00718313832298924
"1713","UBE2G1",0.00718597209987745
"1087","KLHL17",0.00719181753364358
"314","ADAMTS18",0.00719711803259587
"581","SEC63",0.00719711803259587
"167","ABCC10",0.0072107875710538
"1020","LIG4",0.00721680286469894
"1368","TNMD",0.00723009671876091
"319","C1orf162",0.00725429423384362
"327","TBC1D9B",0.00732106878333759
"926","MRPL35P3",0.00732106878333759
"478","ADARB1",0.00737186844686414
"700","CEP63",0.00737619567627343
"1006","KRT6A",0.0073785900257962
"430","FIG4",0.0073812508413599
"1609","LAMC1",0.00738528761286571
"438","SNX29P2",0.00738935459879588
"571","LPAR4",0.00740991531144662
"829","IGKV4-1",0.00740991531144662
"1310","MSS51",0.00740991531144662
"154","TSPAN2",0.00741094306905376
"622","OR4F13P",0.00742036562749887
"1014","PRKCQ",0.00742036562749887
"1335","FAM172A",0.00742554465692359
"1630","PI4K2B",0.00746153418752023
"1307","SPRR4",0.0074743165620617
"1477","PRUNE1",0.0074743165620617
"390","NEXN",0.00748201092852686
"519","SART1",0.00748201092852686
"29","CR391992.1",0.00749275833709392
"418","IGHV2-5",0.00753579811421294
"1084","EIF2S2P3",0.00753579811421294
"101","AC099548.2",0.00753705311064616
"544","TTC13",0.00753705311064616
"712","MKKS",0.00753705311064616
"806","NRDC",0.00753705311064616
"825","DAPL1",0.00753705311064616
"916","MTCH1",0.00758486397324972
"457","DPYD",0.00759321013545562
"1736","CHPF2",0.00761245928595503
"1815","AC024940.2",0.00761248067650776
"917","ADAM28",0.00761912367583285
"762","GSE1",0.00763215919660204
"1496","CLOCK",0.00764943186886292
"141","TOMM40",0.00765233713819517
"1514","HEATR5B",0.00766176585660134
"1614","FBRS",0.00766176585660134
"1603","AGBL5",0.00768023265280327
"236","NAIPP4",0.0076866200116661
"1564","FAAP20",0.0076866200116661
"910","SLC38A3",0.00768979215262801
"162","TUT7",0.00770004410261802
"28","NDUFS7",0.00770757989296665
"509","KIF2C",0.00770782171808523
"1811","FAM117B",0.00771112655267732
"1395","GLIS3",0.00771290377331136
"1742","SCRIB",0.0077253578152481
"1832","SRRT",0.00772594631936285
"456","STK11IP",0.0077549066642482
"967","CCR2",0.0077549066642482
"1569","HYAL4",0.0077549066642482
"1769","CMYA5",0.0077549066642482
"239","RAB11FIP3",0.00782913282587997
"986","GTF2H5",0.00784340525359186
"282","LRRC14",0.00789478297202327
"1453","CHTOP",0.00792264198232949
"618","SHANK1",0.0079539263622092
"1129","CEBPA",0.0079539263622092
"254","CHD4",0.00796003540520328
"1261","MCFD2",0.00796496157680495
"1398","TSPY26P",0.00796496157680495
"401","EIF4G2",0.00796641625619036
"481","PLEKHG2",0.00797277013099693
"843","AGPAT1",0.00797277013099693
"102","HTR2A",0.00797387919788599
"189","SF3B3",0.00802113403798665
"308","BMP6",0.00803461185009605
"503","PLEKHA3P1",0.00805481919060042
"741","TRPS1",0.00805481919060042
"1061","PAGE2",0.00805481919060042
"405","CCND3",0.00806222554663174
"501","ADGRG4",0.00806222554663174
"628","DIMT1",0.00806222554663174
"844","CCDC144A",0.00806222554663174
"961","METTL16",0.00806222554663174
"1574","C3",0.00806222554663174
"1750","GCDH",0.00806222554663174
"1800","NUDT22",0.00807971711406919
"911","BCAS2",0.00809614703224842
"535","AC011939.1",0.00810682191791411
"293","ALOX12B",0.00810763154489052
"318","PI16",0.00810763154489052
"356","ATF6B",0.00810763154489052
"372","RASSF2",0.00810763154489052
"387","SLC41A2",0.00810763154489052
"880","ZNF74",0.00810763154489052
"893","ZNF574",0.00810763154489052
"1857","GGT1",0.00810763154489052
"1642","ZFPL1",0.00811089865665913
"56","MYH6",0.00813005161143641
"1892","ITPR2",0.00813005161143641
"510","PTPRB",0.00813204352931358
"937","THEM6",0.00819339297255492
"1763","FAM86FP",0.00819813623193519
"828","HTR1F",0.00825986409033274
"166","ERGIC3",0.00830449405627802
"80","PTPN23",0.0083148740981425
"721","AC087343.1",0.0083148740981425
"816","ZNF383",0.0083148740981425
"890","MARCKS",0.0083148740981425
"959","DNAJC24",0.0083148740981425
"1136","RIC8A",0.0083148740981425
"1325","PSMB5",0.0083148740981425
"117","NEPRO",0.00832761316502463
"504","TAF9",0.00832761316502463
"1556","SLC27A1",0.00835752482123469
"1454","IL20RB",0.00837371408415767
"1173","WDR83",0.00838537211079345
"1044","CDT1",0.00838685985043519
"1062","RNF123",0.00838867055343801
"407","GCH1",0.00839515748030019
"328","FLG2",0.00839729816427257
"1543","SGSM3",0.00840620982747706
"928","RPS6KB1",0.00841026700438222
"206","NMRK1",0.00842392366018081
"673","CD163L1",0.00842392366018081
"1891","VDR",0.00843386122746868
"1705","CIC",0.00844761717094999
"1629","TRGV7",0.00845728884728546
"901","DAPK2",0.00847561364968288
"360","RRM2B",0.00852903871673758
"1119","SCN7A",0.00852981144904418
"1461","FOXP1",0.00852981144904418
"1050","TRAF6",0.00853228922178081
"1689","BAHD1",0.00853304790938746
"410","ADCY4",0.00853876597783857
"769","LRRK2",0.00857226991926073
"1086","AC008758.3",0.00858172503959747
"1631","KLHL36",0.00858172503959747
"726","CRYBG1",0.00858299396349325
"854","NOD2",0.00858299396349325
"1659","ZKSCAN8",0.00858299396349325
"281","PRKAG1",0.00858674291104016
"1149","AC107982.1",0.00858674291104016
"159","SORL1",0.008597963936884
"610","EMP1",0.008597963936884
"1213","P2RX1",0.008597963936884
"1539","ZNF271P",0.008597963936884
"1587","DPF1",0.008597963936884
"91","MOSPD3",0.00861034010671157
"663","SMARCD1",0.00861840665578204
"1196","MAPK7",0.00862667340281175
"1678","ENTHD1",0.00862667340281175
"1390","ABCA9",0.00863178861087261
"1725","HINT2P1",0.00863178861087261
"315","CXCL14",0.00863524549363994
"385","DPYSL5",0.00864776028561947
"1024","SCYL1",0.00864776028561947
"1384","FNBP1",0.00864776028561947
"86","SYNGR1",0.00866139438653195
"1757","PCDHGC3",0.00866139438653195
"970","IGHV1-2",0.00867309791375835
"1375","FHAD1",0.00867309791375835
"140","CDH24",0.00868626468600952
"1728","BDNF",0.00868626468600952
"992","CBWD3",0.00868808002089584
"1810","CCDC168",0.00873519048552546
"706","HNRNPUL1",0.00874372590757153
"235","INO80E",0.00878072879999059
"1085","P2RY10",0.00878108238744171
"207","RNASE13",0.00880504866883992
"1521","GJA5",0.00883600058585152
"297","CDK7",0.00883932303093498
"1592","PTPN11",0.00885116299227502
"1816","CARF",0.00885664111672281
"64","MLH3",0.00886297358756757
"90","CNOT1",0.00886297358756757
"153","GOLGA8H",0.00886297358756757
"416","NKAIN4",0.00886297358756757
"681","UBFD1",0.00886297358756757
"1503","CT45A11P",0.00886297358756757
"107","ZNF707",0.00887273236689146
"274","ABHD17A",0.00889284563203338
"525","ZMYM5",0.00891252965482027
"321","TMEM164",0.00891291679612526
"209","CKS1B",0.0089216719871546
"1303","AL162726.3",0.00894929810855437
"1172","PHETA1",0.00895576130212347
"164","IL32",0.00896220072241126
"1784","CDNF",0.00897828039813658
"499","AP1S3",0.00897920670702771
"1890","RFX8",0.00898291830533107
"841","SLIT3",0.00899426583689545
"799","DPEP2",0.00899480366778116
"1216","SKI",0.00901660591879987
"1637","WRAP53",0.00901946731571946
"72","LINC01145",0.00903048808526582
"668","APLP2",0.00903048808526582
"1648","RPL9P3",0.00903048808526582
"1685","MSTO2P",0.00903048808526582
"87","CASP4LP",0.00903783893165791
"99","MTX1",0.00903783893165791
"834","CYTIP",0.00904115310302708
"1640","CHAF1A",0.00904115310302708
"945","TRIM37",0.00904258050725538
"1073","RIPK3",0.00904258050725538
"1266","BSN",0.00904258050725538
"1672","DNAJC19P9",0.00904258050725538
"1868","SH2D3C",0.00904258050725538
"1559","EEF1A1P5",0.00907171306629301
"1015","FILIP1L",0.0090865885250507
"936","CD8A",0.00909203907833008
"170","TSBP1",0.00909710022031122
"339","B3GAT3",0.00909710022031122
"1363","HMG20B",0.0091293842546132
"283","SNRNP70",0.0091472131453345
"640","ANGEL1",0.00915504499017013
"251","TUBD1",0.00919182800240584
"1468","ZNF69",0.0091947418703197
"1117","ZNF223",0.00919778329564169
"1356","NCDN",0.00920887552005809
"1181","TEDC1",0.00922493575209259
"1450","TPSG1",0.0092423819869176
"1684","AC073610.1",0.00925903224719661
"831","EIF4E",0.00926102000540592
"976","DNAAF5",0.00926619351770446
"142","AP5Z1",0.00927933091718947
"855","ULK4P3",0.00927933091718947
"1570","MED13L",0.00927933091718947
"1737","MYOF",0.00927933091718947
"1147","MDGA1",0.00928047740522844
"21","YTHDC1",0.00929988249460922
"78","EVI5L",0.0093320682598411
"1275","MAP2K7",0.00933809165699706
"1333","VEPH1",0.00937730004857548
"85","CLEC4A",0.00938513800860313
"1103","TRAV12-2",0.00938662247454241
"1309","PREPL",0.00938662247454241
"1807","SEPTIN1",0.00938662247454241
"1635","AC008507.1",0.00938764603928241
"1041","TSR3",0.00939195416263458
"364","TNFRSF19",0.00941881220520403
"19","TRIP6",0.00943235754198966
"740","OR2AT4",0.00944680504057556
"110","AAK1",0.00945974941553297
"1403","ZSCAN2",0.00945974941553297
"1551","GANAB",0.00945974941553297
"1519","NT5C2",0.00950012074363114
"1374","ATP11C",0.00950189238951917
"1134","ARHGAP40",0.00950846140585113
"43","ZNF799",0.00950965801519099
"243","MVB12A",0.00950965801519099
"1523","GP1BA",0.00951365083511417
"553","IQCB1",0.00951962308442571
"130","PARP3",0.00952836230517916
"1228","PKMYT1",0.00956350809611654
"32","AC005255.1",0.00957376174063426
"334","ZNF823",0.00957376174063426
"71","MT-ND2",0.00957816582171376
"1144","SLC52A2",0.00957853287014307
"808","CCSER2",0.00960635742358239
"655","KIRREL1",0.00961321742343083
"1102","MFSD1",0.00962708376044941
"1054","RFK",0.00967577278233597
"152","FASTKD5",0.00971204275987223
"124","STOML1",0.00972326258997761
"1153","EEF1A1P22",0.0097528365093664
"307","E4F1",0.00976260933434985
"488","FASTKD2",0.00976260933434985
"492","FCER2",0.00976260933434985
"1210","C4orf50",0.00976260933434985
"480","SNX1",0.00977815855573373
"802","ZNF724",0.00977815855573373
"1762","OR4F14P",0.00977815855573373
"1875","GAL",0.00977815855573373
"558","CRYBG2",0.00978047146790925
"46","TRIM71",0.00978876968694735
"631","RPGR",0.00978876968694735
"818","CYRIB",0.00979910016080046
"17","KLHL9",0.00980511708527828
"932","MUC21",0.00984943259206133
"1432","PCDH9",0.00990192529133528
"193","TRIL",0.00990993084924442
"1242","CSNK1A1",0.00991061873272932
"344","AP000347.1",0.00991845692464381
"348","RNPEP",0.00991845692464381
"771","HEPHL1",0.00991845692464381
"773","CLHC1",0.00991845692464381
"1145","IMP4",0.00991845692464381
"1165","CTSK",0.00997367776362268
"1625","EPYC",0.00998776312910073
"1133","SPDYE5",0.00998914030461366
"1174","PRPF19",0.00998914030461366
"1194","AC024940.1",0.00998914030461366
"1209","TPT1P9",0.00998914030461366
